paper_id,doi,title,year,startpp,endpp,cited,issue_no,pdf_url
15472450903385999,10.1080/15472450903385999,"Intelligent Geolocalization in Urban Areas Using Global Positioning Systems, Three-Dimensional Geographic Information Systems, and Vision",2010,3,12,16,2010-14-1,https://www.tandfonline.com/doi/full/10.1080/15472450903385999
15472450903386005,10.1080/15472450903386005,Methods to Detect Road Features for Video-Based In-Vehicle Navigation Systems,2010,13,26,18,2010-14-1,https://www.tandfonline.com/doi/full/10.1080/15472450903386005
15472450903386013,10.1080/15472450903386013,Development and Application of an Enhanced Kalman Filter and Global Positioning System Error-Correction Approach for Improved Map-Matching,2010,27,36,24,2010-14-1,https://www.tandfonline.com/doi/full/10.1080/15472450903386013
15472451003719699,10.1080/15472451003719699,Performance Evaluation of Travel-Time Estimation Methods for Real-Time Traffic Applications,2010,54,67,25,2010-14-2,https://www.tandfonline.com/doi/full/10.1080/15472451003719699
15472451003719715,10.1080/15472451003719715,Multiclass Cell Transmission Model for Heterogeneous Mobility in General Topology of Road Network,2010,68,82,25,2010-14-2,https://www.tandfonline.com/doi/full/10.1080/15472451003719715
15472451003719723,10.1080/15472451003719723,An Investigation of the Application of Stratified Sampling in Probe-Based Traffic-Monitoring Systems,2010,83,94,2,2010-14-2,https://www.tandfonline.com/doi/full/10.1080/15472451003719723
15472451003719756,10.1080/15472451003719756,Optimization of Control Parameters for Adaptive Traffic-Actuated Signal Control,2010,95,108,20,2010-14-2,https://www.tandfonline.com/doi/full/10.1080/15472451003719756
15472451003719764,10.1080/15472451003719764,Comparative Evaluation of Adaptive Traffic Control System Assessments Through Field and Microsimulation,2010,109,124,15,2010-14-2,https://www.tandfonline.com/doi/full/10.1080/15472451003719764
15472450.2010.484740,10.1080/15472450.2010.484740,Transport Infrastructure Investment and Demand Uncertainty,2010,129,139,10,2010-14-3,https://www.tandfonline.com/doi/full/10.1080/15472450.2010.484740
15472450.2010.484742,10.1080/15472450.2010.484742,Flexibility of Transport Choice in a Real-Option Setting: An Experimental Case Study,2010,140,153,8,2010-14-3,https://www.tandfonline.com/doi/full/10.1080/15472450.2010.484742
15472450.2010.484746,10.1080/15472450.2010.484746,The Value of Travel Information: A Search-Theoretic Approach,2010,154,165,18,2010-14-3,https://www.tandfonline.com/doi/full/10.1080/15472450.2010.484746
15472450.2010.484749,10.1080/15472450.2010.484749,Attitude Toward Risk of Time Loss in Travel Activity and Air Route Choices,2010,166,178,11,2010-14-3,https://www.tandfonline.com/doi/full/10.1080/15472450.2010.484749
15472450.2010.484751,10.1080/15472450.2010.484751,A Moment of Time: Reliability in Route Choice Using Stated Preference,2010,179,187,45,2010-14-3,https://www.tandfonline.com/doi/full/10.1080/15472450.2010.484751
15472450.2010.484753,10.1080/15472450.2010.484753,Risk-Averse Autonomous Route Guidance by a Constrained A* Search,2010,188,196,7,2010-14-3,https://www.tandfonline.com/doi/full/10.1080/15472450.2010.484753
15472450.2010.516226,10.1080/15472450.2010.516226,The Impact of a Congestion Assistant on Traffic Flow Efficiency and Safety in Congested Traffic Caused by a Lane Drop,2010,197,208,21,2010-14-4,https://www.tandfonline.com/doi/full/10.1080/15472450.2010.516226
15472450.2010.516229,10.1080/15472450.2010.516229,A Hybrid Tree Approach to Modeling Alternate Route Choice Behavior With Online Information,2010,209,219,16,2010-14-4,https://www.tandfonline.com/doi/full/10.1080/15472450.2010.516229
15472450.2010.516232,10.1080/15472450.2010.516232,Optimal Assignment of Emergency Response Service Units With Time-Dependent Service Demand and Travel Time,2010,220,231,1,2010-14-4,https://www.tandfonline.com/doi/full/10.1080/15472450.2010.516232
15472450.2010.517477,10.1080/15472450.2010.517477,Trip Travel-Time Reliability: Issues and Proposed Solutions,2010,232,250,54,2010-14-4,https://www.tandfonline.com/doi/full/10.1080/15472450.2010.517477
15472450.2011.544571,10.1080/15472450.2011.544571,Bayesian Models for Reidentification of Trucks Over Long Distances on the Basis of Axle Measurement Data,2011,1,12,12,2011-15-1,https://www.tandfonline.com/doi/full/10.1080/15472450.2011.544571
15472450.2011.544576,10.1080/15472450.2011.544576,Expert Knowledge-Guided Travel Demand Estimation: Neuro-Fuzzy Approach,2011,13,27,6,2011-15-1,https://www.tandfonline.com/doi/full/10.1080/15472450.2011.544576
15472450.2011.544584,10.1080/15472450.2011.544584,A Geographic Information System-Based Real-Time Decision Support Framework for Routing Vehicles Carrying Hazardous Materials,2011,28,41,10,2011-15-1,https://www.tandfonline.com/doi/full/10.1080/15472450.2011.544584
15472450.2011.544587,10.1080/15472450.2011.544587,Effect of Pavement Marking Retroreflectivity on the Performance of Vision-Based Lane Departure Warning Systems,2011,42,51,4,2011-15-1,https://www.tandfonline.com/doi/full/10.1080/15472450.2011.544587
15472450.2011.544589,10.1080/15472450.2011.544589,Two Simplified Intelligent Transportation System-Based Lane Management Strategies for Short-Term Work Zones,2011,52,61,11,2011-15-1,https://www.tandfonline.com/doi/full/10.1080/15472450.2011.544589
15472450.2011.570103,10.1080/15472450.2011.570103,Large-Scale Freeway Network Traffic Monitoring: A Map-Matching Algorithm Based on Low-Logging Frequency GPS Probe Data,2011,63,74,13,2011-15-2,https://www.tandfonline.com/doi/full/10.1080/15472450.2011.570103
15472450.2011.570109,10.1080/15472450.2011.570109,An Integrated Framework to Predict Bus Travel Time and Its Variability Using Traffic Flow Data,2011,75,90,36,2011-15-2,https://www.tandfonline.com/doi/full/10.1080/15472450.2011.570109
15472450.2011.570111,10.1080/15472450.2011.570111,Operation Analysis of the Electronic Screening System at a Commercial Vehicle Weigh Station,2011,91,103,3,2011-15-2,https://www.tandfonline.com/doi/full/10.1080/15472450.2011.570111
15472450.2011.570114,10.1080/15472450.2011.570114,A Multistep Corridor Travel-Time Prediction Method Using Presence-Type Vehicle Detector Data,2011,104,113,27,2011-15-2,https://www.tandfonline.com/doi/full/10.1080/15472450.2011.570114
15472450.2011.594669,10.1080/15472450.2011.594669,An Optimal Investment Scheduling Framework for Intelligent Transportation Systems Architecture,2011,115,132,6,2011-15-3,https://www.tandfonline.com/doi/full/10.1080/15472450.2011.594669
15472450.2011.594681,10.1080/15472450.2011.594681,Wireless Communication Alternatives for Intelligent Transportation Systems: A Case Study,2011,147,160,10,2011-15-3,https://www.tandfonline.com/doi/full/10.1080/15472450.2011.594681
15472450.2011.594691,10.1080/15472450.2011.594691,Effect of Transport Models on Connectivity of Interbus Communication Networks,2011,161,178,3,2011-15-3,https://www.tandfonline.com/doi/full/10.1080/15472450.2011.594691
15472450.2011.620474,10.1080/15472450.2011.620474,An Optimized Content Replication and Distribution Framework for Vehicular Networks,2011,179,192,3,2011-15-4,https://www.tandfonline.com/doi/full/10.1080/15472450.2011.620474
15472450.2011.620478,10.1080/15472450.2011.620478,Synthetic Fuzzy Evaluation Method of Trajectory Similarity in Map-Matching,2011,193,204,10,2011-15-4,https://www.tandfonline.com/doi/full/10.1080/15472450.2011.620478
15472450.2011.620487,10.1080/15472450.2011.620487,Link Flow Estimation in Traffic Networks on the Basis of Link Flow Observations,2011,205,222,16,2011-15-4,https://www.tandfonline.com/doi/full/10.1080/15472450.2011.620487
15472450.2011.620490,10.1080/15472450.2011.620490,A Quasi-Dynamic Robust Control Scheme for Signalized Intersections,2011,223,233,10,2011-15-4,https://www.tandfonline.com/doi/full/10.1080/15472450.2011.620490
15472450.2012.639635,10.1080/15472450.2012.639635,Management of Demand and Routing in Autonomous Personal Transportation,2012,1,11,12,2012-16-1,https://www.tandfonline.com/doi/full/10.1080/15472450.2012.639635
15472450.2012.639640,10.1080/15472450.2012.639640,Lane-Changing Decision Model for Heavy Vehicle Drivers,2012,24,35,32,2012-16-1,https://www.tandfonline.com/doi/full/10.1080/15472450.2012.639640
15472450.2012.639641,10.1080/15472450.2012.639641,Vehicle Trajectory Effects of Adaptive Cruise Control,2012,36,44,26,2012-16-1,https://www.tandfonline.com/doi/full/10.1080/15472450.2012.639641
15472450.2012.671706,10.1080/15472450.2012.671706,Toward an Autonomic Architecture for Real-Time Traffic Network Management,2012,45,59,9,2012-16-2,https://www.tandfonline.com/doi/full/10.1080/15472450.2012.671706
15472450.2012.671708,10.1080/15472450.2012.671708,A Multimodal Trip Planning System With Real-Time Traffic and Transit Information,2012,60,69,15,2012-16-2,https://www.tandfonline.com/doi/full/10.1080/15472450.2012.671708
15472450.2012.671709,10.1080/15472450.2012.671709,A Methodology for Assessing the Benefits of Coordination on the Safety of Vehicles,2012,70,81,4,2012-16-2,https://www.tandfonline.com/doi/full/10.1080/15472450.2012.671709
15472450.2012.671711,10.1080/15472450.2012.671711,Using Precise Time Offset to Improve Freeway Vehicle Delay Estimates,2012,82,93,2,2012-16-2,https://www.tandfonline.com/doi/full/10.1080/15472450.2012.671711
15472450.2012.671713,10.1080/15472450.2012.671713,A Discrete Event-Based Simulation Model for Real-Time Traffic Management in Railways,2012,94,107,13,2012-16-2,https://www.tandfonline.com/doi/full/10.1080/15472450.2012.671713
15472450.2012.688384,10.1080/15472450.2012.688384,Modeling the Effects of Weather and Traffic on the Risk of Secondary Incidents,2012,109,117,42,2012-16-3,https://www.tandfonline.com/doi/full/10.1080/15472450.2012.688384
15472450.2012.688388,10.1080/15472450.2012.688388,Tourist Activity Simulation Model for Assessing Real-Time Tour Information Systems,2012,118,131,5,2012-16-3,https://www.tandfonline.com/doi/full/10.1080/15472450.2012.688388
15472450.2012.691842,10.1080/15472450.2012.691842,Driver Behavior and Preferences for Changeable Message Signs and Variable Speed Limits in Reduced Visibility Conditions,2012,132,146,12,2012-16-3,https://www.tandfonline.com/doi/full/10.1080/15472450.2012.691842
15472450.2012.691852,10.1080/15472450.2012.691852,Improving the Performance of a Topological Map-Matching Algorithm Through Error Detection and Correction,2012,147,158,16,2012-16-3,https://www.tandfonline.com/doi/full/10.1080/15472450.2012.691852
15472450.2012.694788,10.1080/15472450.2012.694788,Imputing Erroneous Data of Single-Station Loop Detectors for Nonincident Conditions: Comparison Between Temporal and Spatial Methods,2012,159,176,24,2012-16-3,https://www.tandfonline.com/doi/full/10.1080/15472450.2012.694788
15472450.2012.704340,10.1080/15472450.2012.704340,Safety Benefits of Speed Limiters in Commercial Motor Vehicles Using Carrier-Collected Crash Data,2012,177,183,2,2012-16-4,https://www.tandfonline.com/doi/full/10.1080/15472450.2012.704340
15472450.2012.706196,10.1080/15472450.2012.706196,Gaussian Mixture Model-Based Speed Estimation and Vehicle Classification Using Single-Loop Measurements,2012,184,196,16,2012-16-4,https://www.tandfonline.com/doi/full/10.1080/15472450.2012.706196
15472450.2012.710159,10.1080/15472450.2012.710159,Optimization Analysis of Multiservice Architecture Concepts in Road Transport Telematics,2012,197,210,4,2012-16-4,https://www.tandfonline.com/doi/full/10.1080/15472450.2012.710159
15472450.2012.710156,10.1080/15472450.2012.710156,Automatic Truck Processing Time Extraction at Marine Container Terminal Gates Using Low-Frame-Rate Images,2012,211,225,1,2012-16-4,https://www.tandfonline.com/doi/full/10.1080/15472450.2012.710156
15472450.2012.710158,10.1080/15472450.2012.710158,Perspectives on Future Transportation Research: Impact of Intelligent Transportation System Technologies on Next-Generation Transportation Modeling,2012,226,242,50,2012-16-4,https://www.tandfonline.com/doi/full/10.1080/15472450.2012.710158
15472450.2012.704336,10.1080/15472450.2012.704336,An Evaluation of Environmental Benefits of Time-Dependent Green Routing in the Greater Buffalo??Niagara Region,2013,18,30,36,2013-17-1,https://www.tandfonline.com/doi/full/10.1080/15472450.2012.704336
15472450.2012.716639,10.1080/15472450.2012.716639,Effects of Optimizing Externalities Using Cooperating Dynamic Traffic Management Measures on Network Level,2013,65,77,7,2013-17-1,https://www.tandfonline.com/doi/full/10.1080/15472450.2012.716639
15472450.2012.719455,10.1080/15472450.2012.719455,Assessment of Dynamic Speed Limit Management on Metropolitan Freeways,2013,78,90,21,2013-17-1,https://www.tandfonline.com/doi/full/10.1080/15472450.2012.719455
15472450.2012.716663,10.1080/15472450.2012.716663,Augmented Betweenness Centrality for Environmentally Aware Traffic Monitoring in Transportation Networks,2013,91,105,40,2013-17-1,https://www.tandfonline.com/doi/full/10.1080/15472450.2012.716663
15472450.2013.784653,10.1080/15472450.2013.784653,Microscopic Modeling of Control Delay at Signalized Intersections Based on Bluetooth Data,2013,110,122,5,2013-17-2,https://www.tandfonline.com/doi/full/10.1080/15472450.2013.784653
15472450.2012.696452,10.1080/15472450.2012.696452,Antenna Characterization for Bluetooth-Based Travel Time Data Collection,2013,142,151,23,2013-17-2,https://www.tandfonline.com/doi/full/10.1080/15472450.2012.696452
15472450.2012.696449,10.1080/15472450.2012.696449,Fusing a Bluetooth Traffic Monitoring System With Loop Detector Data for Improved Freeway Traffic Speed Estimation,2013,152,164,37,2013-17-2,https://www.tandfonline.com/doi/full/10.1080/15472450.2012.696449
15472450.2012.748555,10.1080/15472450.2012.748555,A Nonparametric Model for Short-Term Travel Time Prediction Using Bluetooth Data,2013,165,175,22,2013-17-2,https://www.tandfonline.com/doi/full/10.1080/15472450.2012.748555
15472450.2012.712495,10.1080/15472450.2012.712495,A New Approach to Estimate Vehicle Emissions Using Inductive Loop Detector Data,2013,179,190,3,2013-17-3,https://www.tandfonline.com/doi/full/10.1080/15472450.2012.712495
15472450.2012.704338,10.1080/15472450.2012.704338,Prediction of Vehicle Activity for Emissions Estimation Under Oversaturated Conditions Along Signalized Arterials,2013,191,199,7,2013-17-3,https://www.tandfonline.com/doi/full/10.1080/15472450.2012.704338
15472450.2012.716670,10.1080/15472450.2012.716670,Investigating Emission Reduction Benefit From Intersection Signal Optimization,2013,200,209,17,2013-17-3,https://www.tandfonline.com/doi/full/10.1080/15472450.2012.716670
15472450.2012.716641,10.1080/15472450.2012.716641,Economic Analysis of Using a Renewable Wind Power System at a Signalized Intersection,2013,210,220,4,2013-17-3,https://www.tandfonline.com/doi/full/10.1080/15472450.2012.716641
15472450.2012.716651,10.1080/15472450.2012.716651,Environmental and Energy Impacts of Automated Electric Highway Systems,2013,221,232,4,2013-17-3,https://www.tandfonline.com/doi/full/10.1080/15472450.2012.716651
15472450.2012.721330,10.1080/15472450.2012.721330,Comparison of Local Feedback Controllers for the Mainstream Traffic Flow on Freeways Using Variable Speed Limits,2013,268,281,30,2013-17-4,https://www.tandfonline.com/doi/full/10.1080/15472450.2012.721330
15472450.2012.729380,10.1080/15472450.2012.729380,A Dynamic Programming Approach for Optimal Signal Priority Control Upon Multiple High-Frequency Bus Requests,2013,282,293,42,2013-17-4,https://www.tandfonline.com/doi/full/10.1080/15472450.2012.729380
15472450.2013.771105,10.1080/15472450.2013.771105,Measuring Signalized Intersection Performance in Real-Time With Traffic Sensors,2013,304,316,12,2013-17-4,https://www.tandfonline.com/doi/full/10.1080/15472450.2013.771105
15472450.2013.801717,10.1080/15472450.2013.801717,Artificial Neural Network Models for Car Following: Experimental Analysis and Calibration Issues,2014,5,16,35,2014-18-1,https://www.tandfonline.com/doi/full/10.1080/15472450.2013.801717
15472450.2013.773250,10.1080/15472450.2013.773250,Acceleration of Solving the Dynamic Multi-Objective Network Design Problem Using Response Surface Methods,2014,17,29,12,2014-18-1,https://www.tandfonline.com/doi/full/10.1080/15472450.2013.773250
15472450.2013.802156,10.1080/15472450.2013.802156,Design of Signal Setting and Advanced Traveler Information Systems,2014,30,40,13,2014-18-1,https://www.tandfonline.com/doi/full/10.1080/15472450.2013.802156
15472450.2013.773225,10.1080/15472450.2013.773225,Network-Wide Traffic State Estimation Using Loop Detector and Floating Car Data,2014,41,50,42,2014-18-1,https://www.tandfonline.com/doi/full/10.1080/15472450.2013.773225
15472450.2013.773249,10.1080/15472450.2013.773249,Dynamic Origin??Destination Matrix Estimation on Large-Scale Congested Networks Using a Hierarchical Decomposition Scheme,2014,51,66,12,2014-18-1,https://www.tandfonline.com/doi/full/10.1080/15472450.2013.773249
15472450.2013.802152,10.1080/15472450.2013.802152,A Parsimonious Method for Offline Freeway Travel Time Estimation From Sectional Speed Detectors,2014,67,80,2,2014-18-1,https://www.tandfonline.com/doi/full/10.1080/15472450.2013.802152
15472450.2013.802155,10.1080/15472450.2013.802155,The Development and Calibration of a Model for Urban Travel Time Distributions,2014,81,94,9,2014-18-1,https://www.tandfonline.com/doi/full/10.1080/15472450.2013.802155
15472450.2013.801712,10.1080/15472450.2013.801712,Rolling Stock Rostering Optimization Under Maintenance Constraints,2014,95,105,40,2014-18-1,https://www.tandfonline.com/doi/full/10.1080/15472450.2013.801712
15472450.2013.801714,10.1080/15472450.2013.801714,Evaluating Disturbance Robustness of Railway Schedules,2014,106,120,52,2014-18-1,https://www.tandfonline.com/doi/full/10.1080/15472450.2013.801714
15472450.2013.802160,10.1080/15472450.2013.802160,Efficiency and Robustness in a Support Platform for Intelligent Airport Ground Handling,2014,121,130,8,2014-18-1,https://www.tandfonline.com/doi/full/10.1080/15472450.2013.802160
15472450.2013.785327,10.1080/15472450.2013.785327,Probabilistic Modeling of Erroneous Human Response to In-Vehicle Route Guidance Systems: A First Look,2014,131,137,4,2014-18-2,https://www.tandfonline.com/doi/full/10.1080/15472450.2013.785327
15472450.2013.801708,10.1080/15472450.2013.801708,Improved Speed Estimation From Single-Loop Detectors With High Truck Flow,2014,138,148,8,2014-18-2,https://www.tandfonline.com/doi/full/10.1080/15472450.2013.801708
15472450.2013.801711,10.1080/15472450.2013.801711,Lightweight Occupancy Estimation on Freeways Using Extended Floating Car Data,2014,149,163,5,2014-18-2,https://www.tandfonline.com/doi/full/10.1080/15472450.2013.801711
15472450.2013.802151,10.1080/15472450.2013.802151,Identifying Time-of-Day Breakpoints Based on Nonintrusive Data Collection Platforms,2014,164,174,12,2014-18-2,https://www.tandfonline.com/doi/full/10.1080/15472450.2013.802151
15472450.2013.806851,10.1080/15472450.2013.806851,Reliable Shortest Path Problems in Stochastic Time-Dependent Networks,2014,177,189,52,2014-18-2,https://www.tandfonline.com/doi/full/10.1080/15472450.2013.806851
15472450.2013.806858,10.1080/15472450.2013.806858,Using Electronic Toll Collection Data to Understand Traffic Demand,2014,190,203,12,2014-18-2,https://www.tandfonline.com/doi/full/10.1080/15472450.2013.806858
15472450.2013.806854,10.1080/15472450.2013.806854,Disaggregate Path Flow Estimation in an Iterated Dynamic Traffic Assignment Microsimulation,2014,204,214,7,2014-18-2,https://www.tandfonline.com/doi/full/10.1080/15472450.2013.806854
15472450.2013.806847,10.1080/15472450.2013.806847,Experimental Study of Effects of Travel Time Distribution Information on Dynamic Route Choice Behavior,2014,215,226,15,2014-18-2,https://www.tandfonline.com/doi/full/10.1080/15472450.2013.806847
15472450.2013.810994,10.1080/15472450.2013.810994,Investigation of Discretionary Lane-Change Characteristics Using Next-Generation Simulation Data Sets,2014,246,253,22,2014-18-3,https://www.tandfonline.com/doi/full/10.1080/15472450.2013.810994
15472450.2013.824757,10.1080/15472450.2013.824757,Short-Term Traffic Flow Forecasting for Freeway Incident-Induced Delay Estimation,2014,254,263,6,2014-18-3,https://www.tandfonline.com/doi/full/10.1080/15472450.2013.824757
15472450.2013.824762,10.1080/15472450.2013.824762,Real-Time Transportation Mode Detection Using Smartphones and Artificial Neural Networks: Performance Comparisons Between Smartphones and Conventional Global Positioning System Sensors,2014,264,272,23,2014-18-3,https://www.tandfonline.com/doi/full/10.1080/15472450.2013.824762
15472450.2013.824763,10.1080/15472450.2013.824763,An Optimization Model for Guiding Pedestrian??Vehicle Mixed Flows During an Emergency Evacuation,2014,273,285,11,2014-18-3,https://www.tandfonline.com/doi/full/10.1080/15472450.2013.824763
15472450.2013.836927,10.1080/15472450.2013.836927,A Novel Optimal Routing for Navigation Systems/Services Based on Global Navigation Satellite System Quality of Service,2014,286,298,4,2014-18-3,https://www.tandfonline.com/doi/full/10.1080/15472450.2013.836927
15472450.2013.836928,10.1080/15472450.2013.836928,"The Added Value of Accounting For Users?? Flexibility and Information on the Potential of a Station-Based One-Way Car-Sharing System: An Application in Lisbon, Portugal",2014,299,308,46,2014-18-3,https://www.tandfonline.com/doi/full/10.1080/15472450.2013.836928
15472450.2013.836929,10.1080/15472450.2013.836929,Short-Term Highway Traffic State Prediction Using Structural State Space Models,2014,309,322,13,2014-18-3,https://www.tandfonline.com/doi/full/10.1080/15472450.2013.836929
15472450.2013.806846,10.1080/15472450.2013.806846,Modeling the Car-Truck Interaction in a System-Optimal Dynamic Traffic Assignment Model,2014,327,338,13,2014-18-4,https://www.tandfonline.com/doi/full/10.1080/15472450.2013.806846
15472450.2013.806753,10.1080/15472450.2013.806753,"A Variable Time-Discretization Strategies-Based, Time-Dependent Shortest Path Algorithm for Dynamic Traffic Assignment",2014,339,351,7,2014-18-4,https://www.tandfonline.com/doi/full/10.1080/15472450.2013.806753
15472450.2013.806764,10.1080/15472450.2013.806764,A Novel Method to Predict Traffic Features Based on Rolling Self-Structured Traffic Patterns,2014,352,366,8,2014-18-4,https://www.tandfonline.com/doi/full/10.1080/15472450.2013.806764
15472450.2013.806844,10.1080/15472450.2013.806844,Data Fusion-Based Traffic Density Estimation and Prediction,2014,367,378,38,2014-18-4,https://www.tandfonline.com/doi/full/10.1080/15472450.2013.806844
15472450.2013.806745,10.1080/15472450.2013.806745,Modeling the Effects of Population Density on Prospect Theory-Based Travel Mode-Choice Equilibrium,2014,379,392,8,2014-18-4,https://www.tandfonline.com/doi/full/10.1080/15472450.2013.806745
15472450.2013.806761,10.1080/15472450.2013.806761,Updating of Travel Behavior Model Parameters and Estimation of Vehicle Trip Chain Based on Plate Scanning,2014,393,409,6,2014-18-4,https://www.tandfonline.com/doi/full/10.1080/15472450.2013.806761
15472450.2013.806736,10.1080/15472450.2013.806736,A Two-Stage Optimization Model for Staggered Work Hours,2014,410,425,10,2014-18-4,https://www.tandfonline.com/doi/full/10.1080/15472450.2013.806736
15472450.2013.806843,10.1080/15472450.2013.806843,Customization of Automatic Incident Detection Algorithms for Signalized Urban Arterials,2014,426,441,19,2014-18-4,https://www.tandfonline.com/doi/full/10.1080/15472450.2013.806843
15472450.2014.889953,10.1080/15472450.2014.889953,Agents Toward Vehicle Routing Problem With Time Windows,2015,3,17,7,2015-19-1,https://www.tandfonline.com/doi/full/10.1080/15472450.2014.889953
15472450.2014.889960,10.1080/15472450.2014.889960,Learning Drivers?? Behavior to Improve Adaptive Cruise Control,2015,18,31,23,2015-19-1,https://www.tandfonline.com/doi/full/10.1080/15472450.2014.889960
15472450.2013.856718,10.1080/15472450.2013.856718,An Agent-Based Pedestrian and Group Dynamics Model Applied to Experimental and Real-World Scenarios,2015,32,45,14,2015-19-1,https://www.tandfonline.com/doi/full/10.1080/15472450.2013.856718
15472450.2014.889964,10.1080/15472450.2014.889964,Modeling the Strategic Behavior of Drivers for Multi-Lane Highway Driving,2015,45,62,14,2015-19-1,https://www.tandfonline.com/doi/full/10.1080/15472450.2014.889964
15472450.2013.856721,10.1080/15472450.2013.856721,Micro-Simulation Model for Assessing the Risk of Vehicle??Pedestrian Road Accidents,2015,63,77,16,2015-19-1,https://www.tandfonline.com/doi/full/10.1080/15472450.2013.856721
15472450.2014.941758,10.1080/15472450.2014.941758,Don't Go With the Ant Flow: Ant-Inspired Traffic Routing in Urban Environments,2015,78,88,9,2015-19-1,https://www.tandfonline.com/doi/full/10.1080/15472450.2014.941758
15472450.2014.941759,10.1080/15472450.2014.941759,Ridesharing on Timetabled Transport Services: A Multiagent Planning Approach,2015,89,105,11,2015-19-1,https://www.tandfonline.com/doi/full/10.1080/15472450.2014.941759
15472450.2013.856714,10.1080/15472450.2013.856714,Quantified Traveler: Travel Feedback Meets the Cloud to Change Behavior,2015,109,124,51,2015-19-2,https://www.tandfonline.com/doi/full/10.1080/15472450.2013.856714
15472450.2015.1012865,10.1080/15472450.2015.1012865,Modeling the Impact of Traffic Information Acquisition From Mobile Devices During the Primary Tour of the Day,2015,125,133,3,2015-19-2,https://www.tandfonline.com/doi/full/10.1080/15472450.2015.1012865
15472450.2013.764796,10.1080/15472450.2013.764796,Probabilistic Multimodal Map Matching With Rich Smartphone Data,2015,134,148,23,2015-19-2,https://www.tandfonline.com/doi/full/10.1080/15472450.2013.764796
15472450.2013.856712,10.1080/15472450.2013.856712,A Mobile Application for Real-Time Multimodal Routing Under a Set of Users?? Preferences,2015,149,166,9,2015-19-2,https://www.tandfonline.com/doi/full/10.1080/15472450.2013.856712
15472450.2014.936284,10.1080/15472450.2014.936284,The Value of Privacy: Evidence From the Use of Mobile Devices for Traveler Information Systems,2015,167,180,7,2015-19-2,https://www.tandfonline.com/doi/full/10.1080/15472450.2014.936284
15472450.2014.977043,10.1080/15472450.2014.977043,A Stochastic Dilemma Zone Protection Algorithm Based on the Vehicles?? Trajectories,2015,181,191,5,2015-19-2,https://www.tandfonline.com/doi/full/10.1080/15472450.2014.977043
15472450.2014.977049,10.1080/15472450.2014.977049,Joint Analysis of Queuing Delays Associated With Secondary Incidents,2015,192,204,6,2015-19-2,https://www.tandfonline.com/doi/full/10.1080/15472450.2014.977049
15472450.2014.977046,10.1080/15472450.2014.977046,Automatic Incident Detection for Urban Expressways Based on Segment Traffic Flow Density,2015,205,213,5,2015-19-2,https://www.tandfonline.com/doi/full/10.1080/15472450.2014.977046
15472450.2013.836930,10.1080/15472450.2013.836930,Optimizing Single-Depot Vehicle Scheduling Problem: Fixed-Interval Model and Algorithm,2015,215,224,5,2015-19-3,https://www.tandfonline.com/doi/full/10.1080/15472450.2013.836930
15472450.2013.856724,10.1080/15472450.2013.856724,A Lane Assessment Method Using Visual Information Based on a Dynamic Bayesian Network,2015,225,239,2,2015-19-3,https://www.tandfonline.com/doi/full/10.1080/15472450.2013.856724
15472450.2013.856727,10.1080/15472450.2013.856727,Reliability of Bluetooth Technology for Travel Time Estimation,2015,240,255,17,2015-19-3,https://www.tandfonline.com/doi/full/10.1080/15472450.2013.856727
15472450.2013.857197,10.1080/15472450.2013.857197,Kinematic Equation-Based Vehicle Queue Location Estimation Method for Signalized Intersections Using Mobile Sensor Data,2015,256,272,22,2015-19-3,https://www.tandfonline.com/doi/full/10.1080/15472450.2013.857197
15472450.2014.892380,10.1080/15472450.2014.892380,A Bilevel Traffic Data Extraction Procedure via Cellular Phone Network for Intercity Travel,2015,289,303,5,2015-19-3,https://www.tandfonline.com/doi/full/10.1080/15472450.2014.892380
15472450.2014.893736,10.1080/15472450.2014.893736,Intelligent Algorithms for Reducing Short-Term Traffic State Prediction Error in Active Traffic Management,2015,304,315,4,2015-19-3,https://www.tandfonline.com/doi/full/10.1080/15472450.2014.893736
15472450.2014.936289,10.1080/15472450.2014.936289,Use of Advanced Traveler Information Systems for Route Choice: Interpretation Based on a Bayesian Model,2015,316,325,10,2015-19-3,https://www.tandfonline.com/doi/full/10.1080/15472450.2014.936289
15472450.2014.936292,10.1080/15472450.2014.936292,Real-Time Dynamic Transit Signal Priority Optimization for Coordinated Traffic Networks Using Genetic Algorithms and Artificial Neural Networks,2015,327,338,24,2015-19-4,https://www.tandfonline.com/doi/full/10.1080/15472450.2014.936292
15472450.2014.936294,10.1080/15472450.2014.936294,A Probe-Based Variable Speed Limit System,2015,339,354,15,2015-19-4,https://www.tandfonline.com/doi/full/10.1080/15472450.2014.936294
15472450.2014.941750,10.1080/15472450.2014.941750,Using LIDAR to Validate the Performance of Vehicle Classification Stations,2015,355,369,12,2015-19-4,https://www.tandfonline.com/doi/full/10.1080/15472450.2014.941750
15472450.2014.972762,10.1080/15472450.2014.972762,An Arterial Incident Detection Procedure Utilizing Real-Time Vehicle Reidentification Travel Time Data,2015,370,384,2,2015-19-4,https://www.tandfonline.com/doi/full/10.1080/15472450.2014.972762
15472450.2014.989718,10.1080/15472450.2014.989718,"Operational Analysis of a Freeway Variable Speed Limit System in St. Louis, Missouri",2015,385,398,6,2015-19-4,https://www.tandfonline.com/doi/full/10.1080/15472450.2014.989718
15472450.2014.995760,10.1080/15472450.2014.995760,Allocation Planning for Probe Taxi Devices Aimed at Minimizing Losses to Travel Time Information Users,2015,399,410,5,2015-19-4,https://www.tandfonline.com/doi/full/10.1080/15472450.2014.995760
15472450.2014.1000456,10.1080/15472450.2014.1000456,Accuracy Analysis of Freeway Traffic Speed Estimation Based on the Integration of Cellular Probe System and Loop Detectors,2015,411,426,17,2015-19-4,https://www.tandfonline.com/doi/full/10.1080/15472450.2014.1000456
15472450.2014.889935,10.1080/15472450.2014.889935,Network Traffic Control in Cyber-Transportation Systems Accounting for User-Level Fairness,2016,4,16,4,2016-20-1,https://www.tandfonline.com/doi/full/10.1080/15472450.2014.889935
15472450.2014.889918,10.1080/15472450.2014.889918,Intersection Management via Vehicle Connectivity: The Intersection Cooperative Adaptive Cruise Control System Concept,2016,17,32,64,2016-20-1,https://www.tandfonline.com/doi/full/10.1080/15472450.2014.889918
15472450.2014.889916,10.1080/15472450.2014.889916,Leveraging Connected Vehicle Technology and Telematics to Enhance Vehicle Fuel Efficiency in the Vicinity of Signalized Intersections,2016,33,44,28,2016-20-1,https://www.tandfonline.com/doi/full/10.1080/15472450.2014.889916
15472450.2014.889926,10.1080/15472450.2014.889926,Microscopic Estimation of Freeway Vehicle Positions From the Behavior of Connected Vehicles,2016,45,54,18,2016-20-1,https://www.tandfonline.com/doi/full/10.1080/15472450.2014.889926
15472450.2014.889924,10.1080/15472450.2014.889924,Calibrating Communication Simulator for Connected Vehicle Applications,2016,55,65,3,2016-20-1,https://www.tandfonline.com/doi/full/10.1080/15472450.2014.889924
15472450.2014.889941,10.1080/15472450.2014.889941,Using Traffic Microsimulation to Assess Deployment Strategies for the Connected Vehicle Safety Pilot,2016,66,74,10,2016-20-1,https://www.tandfonline.com/doi/full/10.1080/15472450.2014.889941
15472450.2014.889920,10.1080/15472450.2014.889920,Integrated Traffic-Driving-Networking Simulator for the Design of Connected Vehicle Applications: Eco-Signal Case Study,2016,75,87,15,2016-20-1,https://www.tandfonline.com/doi/full/10.1080/15472450.2014.889920
15472450.2014.889932,10.1080/15472450.2014.889932,The Fail-Safe Operation of Collaborative Driving Systems,2016,88,101,8,2016-20-1,https://www.tandfonline.com/doi/full/10.1080/15472450.2014.889932
15472450.2014.1000455,10.1080/15472450.2014.1000455,Measuring Truck Travel Time Reliability Using Truck Probe GPS Data,2016,103,112,15,2016-20-2,https://www.tandfonline.com/doi/full/10.1080/15472450.2014.1000455
15472450.2014.1001027,10.1080/15472450.2014.1001027,Performance Evaluation of Handoff-Based Cellular Traffic Monitoring Systems Using Combined Wireless and Traffic Simulation Platform,2016,113,124,3,2016-20-2,https://www.tandfonline.com/doi/full/10.1080/15472450.2014.1001027
15472450.2015.1004063,10.1080/15472450.2015.1004063,Detection and Classification of??Vehicles by Measurement of Road-Pavement Vibration and by??Means of Supervised Machine Learning,2016,125,137,11,2016-20-2,https://www.tandfonline.com/doi/full/10.1080/15472450.2015.1004063
15472450.2015.1011638,10.1080/15472450.2015.1011638,Real-Time Bus Arrival Information System: An Empirical Evaluation,2016,138,151,22,2016-20-2,https://www.tandfonline.com/doi/full/10.1080/15472450.2015.1011638
15472450.2015.1015721,10.1080/15472450.2015.1015721,Estimating Missing Traffic Volume Using Low Multilinear Rank Tensor Completion,2016,152,161,13,2016-20-2,https://www.tandfonline.com/doi/full/10.1080/15472450.2015.1015721
15472450.2015.1015847,10.1080/15472450.2015.1015847,A Trajectory-Based Map-Matching System for the Driving Road Identification in Vehicle Navigation Systems,2016,162,177,5,2016-20-2,https://www.tandfonline.com/doi/full/10.1080/15472450.2015.1015847
15472450.2015.1016023,10.1080/15472450.2015.1016023,Handling Cut-In Vehicles in Strings of Cooperative Adaptive Cruise Control Vehicles,2016,178,191,30,2016-20-2,https://www.tandfonline.com/doi/full/10.1080/15472450.2015.1016023
15472450.2015.1037955,10.1080/15472450.2015.1037955,A Real-Time Parking Prediction System for Smart Cities,2016,192,204,58,2016-20-2,https://www.tandfonline.com/doi/full/10.1080/15472450.2015.1037955
15472450.2016.1147813,10.1080/15472450.2016.1147813,A Comparative Study of Three Multivariate Short-Term Freeway Traffic Flow Forecasting Methods With Missing Data,2016,205,218,15,2016-20-3,https://www.tandfonline.com/doi/full/10.1080/15472450.2016.1147813
15472450.2015.1052906,10.1080/15472450.2015.1052906,Mode-Specific Travel Time Estimation Using Bluetooth Technology,2016,219,228,12,2016-20-3,https://www.tandfonline.com/doi/full/10.1080/15472450.2015.1052906
15472450.2015.1062728,10.1080/15472450.2015.1062728,"Assessing the Potential Impacts of??Connected Vehicles: Mobility, Environmental, and Safety Perspectives",2016,229,243,39,2016-20-3,https://www.tandfonline.com/doi/full/10.1080/15472450.2015.1062728
15472450.2015.1062729,10.1080/15472450.2015.1062729,Comparison of In-Vehicle Auditory Public Traffic Information With Roadside Dynamic Message Signs,2016,244,254,6,2016-20-3,https://www.tandfonline.com/doi/full/10.1080/15472450.2015.1062729
15472450.2015.1063424,10.1080/15472450.2015.1063424,Parking Spaces Repurchase Strategy Design via Simulation Optimization,2016,255,269,19,2016-20-3,https://www.tandfonline.com/doi/full/10.1080/15472450.2015.1063424
15472450.2015.1065740,10.1080/15472450.2015.1065740,An Epsilon Bargaining Game-Theoretic Formulation Between Carrier and Container Terminal Operators for Servicing Vessels During Unloading Operations,2016,270,281,0,2016-20-3,https://www.tandfonline.com/doi/full/10.1080/15472450.2015.1065740
15472450.2015.1072050,10.1080/15472450.2015.1072050,Urban Traffic Flow Prediction Using a Spatio-Temporal Random Effects Model,2016,282,293,22,2016-20-3,https://www.tandfonline.com/doi/full/10.1080/15472450.2015.1072050
15472450.2015.1074575,10.1080/15472450.2015.1074575,Dynamic Bandwidth Analysis for Coordinated Arterial Streets,2016,294,310,2,2016-20-3,https://www.tandfonline.com/doi/full/10.1080/15472450.2015.1074575
15472450.2016.1164047,10.1080/15472450.2016.1164047,A mesoscopic transit assignment model including real-time predictive information on crowding,2016,316,333,21,2016-20-4,https://www.tandfonline.com/doi/full/10.1080/15472450.2016.1164047
15472450.2016.1149699,10.1080/15472450.2016.1149699,In Pursuit of the Happy Transit Rider: Dissecting Satisfaction Using Daily Surveys and Tracking Data,2016,345,362,13,2016-20-4,https://www.tandfonline.com/doi/full/10.1080/15472450.2016.1149699
15472450.2016.1191993,10.1080/15472450.2016.1191993,Adoption forecasting of multipurpose smart cards in transit systems,2016,363,384,5,2016-20-4,https://www.tandfonline.com/doi/full/10.1080/15472450.2016.1191993
15472450.2015.1082428,10.1080/15472450.2015.1082428,Interpretation of Bayesian neural networks for predicting the duration of detected incidents,2016,385,400,18,2016-20-4,https://www.tandfonline.com/doi/full/10.1080/15472450.2015.1082428
15472450.2015.1082910,10.1080/15472450.2015.1082910,A new threat degree analysis method of abandoned objects based on dynamic multifeature fusion in urban traffic,2016,401,412,0,2016-20-4,https://www.tandfonline.com/doi/full/10.1080/15472450.2015.1082910
15472450.2015.1091735,10.1080/15472450.2015.1091735,Traffic flow forecasting based on a hybrid model,2016,428,437,11,2016-20-5,https://www.tandfonline.com/doi/full/10.1080/15472450.2015.1091735
15472450.2016.1149700,10.1080/15472450.2016.1149700,Freeway path travel time prediction based on heterogeneous traffic data through nonparametric model,2016,438,448,8,2016-20-5,https://www.tandfonline.com/doi/full/10.1080/15472450.2016.1149700
15472450.2016.1151791,10.1080/15472450.2016.1151791,Multimode trip information detection using personal trajectory data,2016,449,460,8,2016-20-5,https://www.tandfonline.com/doi/full/10.1080/15472450.2016.1151791
15472450.2016.1151792,10.1080/15472450.2016.1151792,Large-scale network partitioning for decentralized traffic management and other transportation applications,2016,461,473,7,2016-20-5,https://www.tandfonline.com/doi/full/10.1080/15472450.2016.1151792
15472450.2016.1153426,10.1080/15472450.2016.1153426,An extended generalized filter algorithm for urban expressway traffic time estimation based on heterogeneous data,2016,474,484,5,2016-20-5,https://www.tandfonline.com/doi/full/10.1080/15472450.2016.1153426
15472450.2015.1120674,10.1080/15472450.2015.1120674,Intelligent collision warning using license plate segmentation,2016,487,499,9,2016-20-6,https://www.tandfonline.com/doi/full/10.1080/15472450.2015.1120674
15472450.2016.1152549,10.1080/15472450.2016.1152549,Providing personalized system optimum traveler information in a congested traffic network with mixed users,2016,500,515,5,2016-20-6,https://www.tandfonline.com/doi/full/10.1080/15472450.2016.1152549
15472450.2016.1152891,10.1080/15472450.2016.1152891,Cluster-based correlation of severe driving events with time and location,2016,516,531,1,2016-20-6,https://www.tandfonline.com/doi/full/10.1080/15472450.2016.1152891
15472450.2016.1154764,10.1080/15472450.2016.1154764,Developing travel time estimation methods using sparse GPS data,2016,532,544,26,2016-20-6,https://www.tandfonline.com/doi/full/10.1080/15472450.2016.1154764
15472450.2016.1157020,10.1080/15472450.2016.1157020,"A self-regulation traffic-condition-based route guidance strategy with realistic considerations: Overlapping routes, stochastic traffic, and signalized intersections",2016,545,558,6,2016-20-6,https://www.tandfonline.com/doi/full/10.1080/15472450.2016.1157020
15472450.2016.1166058,10.1080/15472450.2016.1166058,A weight-based map-matching algorithm for vehicle navigation in complex urban networks,2016,573,590,24,2016-20-6,https://www.tandfonline.com/doi/full/10.1080/15472450.2016.1166058
15472450.2016.1171151,10.1080/15472450.2016.1171151,Development of a behaviorally induced system optimal travel demand management system,2017,12,25,6,2017-21-1,https://www.tandfonline.com/doi/full/10.1080/15472450.2016.1171151
15472450.2016.1194206,10.1080/15472450.2016.1194206,Travel time estimation oriented freeway sensor placement problem considering sensor failure,2017,26,40,9,2017-21-1,https://www.tandfonline.com/doi/full/10.1080/15472450.2016.1194206
15472450.2016.1196141,10.1080/15472450.2016.1196141,A two-stage-training support vector machine approach to predicting unintentional vehicle lane departure,2017,41,51,4,2017-21-1,https://www.tandfonline.com/doi/full/10.1080/15472450.2016.1196141
15472450.2016.1198700,10.1080/15472450.2016.1198700,Evaluation of detection sensitivity and count performance of advanced vehicle detection technologies at a signalized intersection,2017,52,62,3,2017-21-1,https://www.tandfonline.com/doi/full/10.1080/15472450.2016.1198700
15472450.2016.1208568,10.1080/15472450.2016.1208568,"A flexible, adaptive traffic network simulation with parameter estimation",2017,63,77,5,2017-21-1,https://www.tandfonline.com/doi/full/10.1080/15472450.2016.1208568
15472450.2016.1163639,10.1080/15472450.2016.1163639,Quantifying travel time variability at a single bottleneck based on stochastic capacity and demand distributions,2017,79,93,13,2017-21-2,https://www.tandfonline.com/doi/full/10.1080/15472450.2016.1163639
15472450.2016.1216319,10.1080/15472450.2016.1216319,Estimation of delay variability at signalized intersections for urban arterial performance evaluation,2017,94,110,15,2017-21-2,https://www.tandfonline.com/doi/full/10.1080/15472450.2016.1216319
15472450.2016.1220306,10.1080/15472450.2016.1220306,A statistical process control approach using cumulative sum control chart analysis for traffic data quality verification and sensor calibration for weigh-in-motion systems,2017,111,122,4,2017-21-2,https://www.tandfonline.com/doi/full/10.1080/15472450.2016.1220306
15472450.2016.1247704,10.1080/15472450.2016.1247704,A proposed vision and vehicle-to-infrastructure communication-based vehicle positioning approach,2017,123,135,1,2017-21-2,https://www.tandfonline.com/doi/full/10.1080/15472450.2016.1247704
15472450.2016.1248288,10.1080/15472450.2016.1248288,Collaborative merging strategy for freeway ramp operations in a connected and autonomous vehicles environment,2017,136,147,32,2017-21-2,https://www.tandfonline.com/doi/full/10.1080/15472450.2016.1248288
15472450.2016.1254045,10.1080/15472450.2016.1254045,A human-in-the-loop wireless warning message notification model and its application in connected vehicle systems,2017,148,166,2,2017-21-2,https://www.tandfonline.com/doi/full/10.1080/15472450.2016.1254045
15472450.2016.1254046,10.1080/15472450.2016.1254046,Shockwave-based queue estimation approach for undersaturated and oversaturated signalized intersections using multi-source detection data,2017,167,178,9,2017-21-3,https://www.tandfonline.com/doi/full/10.1080/15472450.2016.1254046
15472450.2016.1273779,10.1080/15472450.2016.1273779,Assessing the performance of SpeedInfo radar traffic sensors,2017,179,189,4,2017-21-3,https://www.tandfonline.com/doi/full/10.1080/15472450.2016.1273779
15472450.2017.1279543,10.1080/15472450.2017.1279543,Predicting arterial breakdown probability: A data mining approach,2017,190,201,6,2017-21-3,https://www.tandfonline.com/doi/full/10.1080/15472450.2017.1279543
15472450.2017.1283224,10.1080/15472450.2017.1283224,Hardware and software for collecting microscopic trajectory data on naturalistic driving behavior,2017,202,213,9,2017-21-3,https://www.tandfonline.com/doi/full/10.1080/15472450.2017.1283224
15472450.2017.1283989,10.1080/15472450.2017.1283989,The influence of alternative data smoothing prediction techniques on the performance of a two-stage short-term urban travel time prediction framework,2017,214,226,2,2017-21-3,https://www.tandfonline.com/doi/full/10.1080/15472450.2017.1283989
15472450.2017.1286987,10.1080/15472450.2017.1286987,A technical note on evaluating the effectiveness of bus rapid transit with transit signal priority,2017,227,238,7,2017-21-3,https://www.tandfonline.com/doi/full/10.1080/15472450.2017.1286987
15472450.2017.1291350,10.1080/15472450.2017.1291350,Efficiency of routing and scheduling system for small and medium size enterprises utilizing vehicle location data,2017,239,250,5,2017-21-3,https://www.tandfonline.com/doi/full/10.1080/15472450.2017.1291350
15472450.2016.1254047,10.1080/15472450.2016.1254047,Safety evaluation for driving behaviors under bidirectional looking context,2017,255,270,8,2017-21-4,https://www.tandfonline.com/doi/full/10.1080/15472450.2016.1254047
15472450.2017.1315805,10.1080/15472450.2017.1315805,An optimal mandatory lane change decision model for autonomous vehicles in urban arterials,2017,271,284,16,2017-21-4,https://www.tandfonline.com/doi/full/10.1080/15472450.2017.1315805
15472450.2016.1247703,10.1080/15472450.2016.1247703,Application of vehicle to another entity (V2X) communications for motorcycle crash avoidance,2017,285,295,14,2017-21-4,https://www.tandfonline.com/doi/full/10.1080/15472450.2016.1247703
15472450.2017.1332524,10.1080/15472450.2017.1332524,Optimizing the number and locations of freeway roadside equipment units for travel time estimation in a connected vehicle environment,2017,296,309,13,2017-21-4,https://www.tandfonline.com/doi/full/10.1080/15472450.2017.1332524
15472450.2017.1334559,10.1080/15472450.2017.1334559,Modeling of the dynamic flow propagation of multiple units of information under vehicle-to-vehicle communications based advanced traveler information systems,2017,310,323,4,2017-21-4,https://www.tandfonline.com/doi/full/10.1080/15472450.2017.1334559
15472450.2016.1194760,10.1080/15472450.2016.1194760,A real-time signal control strategy for mitigating the impact of bus stops at urban signalized intersections,2017,349,363,3,2017-21-5,https://www.tandfonline.com/doi/full/10.1080/15472450.2016.1194760
15472450.2016.1198699,10.1080/15472450.2016.1198699,Measuring the safety impact of road infrastructure systems on driver behavior: Vehicle instrumentation and real world driving experiment,2017,364,374,11,2017-21-5,https://www.tandfonline.com/doi/full/10.1080/15472450.2016.1198699
15472450.2016.1265890,10.1080/15472450.2016.1265890,Classification of Livebus arrivals user behavior,2017,375,389,0,2017-21-5,https://www.tandfonline.com/doi/full/10.1080/15472450.2016.1265890
15472450.2017.1298037,10.1080/15472450.2017.1298037,Plate scanning tools to obtain travel times in traffic networks,2017,390,408,7,2017-21-5,https://www.tandfonline.com/doi/full/10.1080/15472450.2017.1298037
15472450.2017.1305271,10.1080/15472450.2017.1305271,Dangerous driving behavior detection using video-extracted vehicle trajectory histograms,2017,409,421,16,2017-21-5,https://www.tandfonline.com/doi/full/10.1080/15472450.2017.1305271
15472450.2017.1369060,10.1080/15472450.2017.1369060,Using kinematic driving data to detect sleep apnea treatment adherence,2017,422,434,3,2017-21-5,https://www.tandfonline.com/doi/full/10.1080/15472450.2017.1369060
15472450.2017.1326116,10.1080/15472450.2017.1326116,Subjective-utility travel time budget modeling in the stochastic traffic network assignment,2017,439,451,2,2017-21-6,https://www.tandfonline.com/doi/full/10.1080/15472450.2017.1326116
15472450.2017.1326115,10.1080/15472450.2017.1326115,Travel time statistical modeling with the Halphen distribution family,2017,452,464,2,2017-21-6,https://www.tandfonline.com/doi/full/10.1080/15472450.2017.1326115
15472450.2017.1359093,10.1080/15472450.2017.1359093,Outsourced probe data effectiveness on signalized arterials,2017,478,491,6,2017-21-6,https://www.tandfonline.com/doi/full/10.1080/15472450.2017.1359093
15472450.2017.1327815,10.1080/15472450.2017.1327815,Effectiveness of travel time reliability indicators in the light of the assessment of dynamic managed lane strategy,2017,492,506,2,2017-21-6,https://www.tandfonline.com/doi/full/10.1080/15472450.2017.1327815
15472450.2017.1358624,10.1080/15472450.2017.1358624,"Robust traffic assignment model: Formulation, solution algorithms and empirical application",2017,507,524,2,2017-21-6,https://www.tandfonline.com/doi/full/10.1080/15472450.2017.1358624
15472450.2017.1326114,10.1080/15472450.2017.1326114,Improving train service reliability by applying an effective timetable robustness strategy,2017,525,543,11,2017-21-6,https://www.tandfonline.com/doi/full/10.1080/15472450.2017.1326114
15472450.2017.1358623,10.1080/15472450.2017.1358623,Identifying multiclass vehicles using global positioning system data,2018,1,9,4,2018-22-1,https://www.tandfonline.com/doi/full/10.1080/15472450.2017.1358623
15472450.2017.1300887,10.1080/15472450.2017.1300887,Probe vehicle lane identification for queue length estimation at intersections,2018,10,25,12,2018-22-1,https://www.tandfonline.com/doi/full/10.1080/15472450.2017.1300887
15472450.2017.1309530,10.1080/15472450.2017.1309530,The value of real-time traffic information in urban freight distribution,2018,26,39,5,2018-22-1,https://www.tandfonline.com/doi/full/10.1080/15472450.2017.1309530
15472450.2017.1387546,10.1080/15472450.2017.1387546,Learning-based traffic signal control algorithms with neighborhood information sharing: An application for sustainable mobility,2018,40,52,10,2018-22-1,https://www.tandfonline.com/doi/full/10.1080/15472450.2017.1387546
15472450.2017.1389650,10.1080/15472450.2017.1389650,A traffic monitoring stream-based real-time vehicular offence detection approach,2018,53,64,0,2018-22-1,https://www.tandfonline.com/doi/full/10.1080/15472450.2017.1389650
15472450.2017.1371598,10.1080/15472450.2017.1371598,Development of analytical procedure for selection of control measures to reduce congestions at various freeway bottlenecks,2018,65,85,4,2018-22-1,https://www.tandfonline.com/doi/full/10.1080/15472450.2017.1371598
15472450.2017.1407652,10.1080/15472450.2017.1407652,Bi-objective routing problem with asymmetrical travel time distributions,2018,87,98,1,2018-22-2,https://www.tandfonline.com/doi/full/10.1080/15472450.2017.1407652
15472450.2017.1408013,10.1080/15472450.2017.1408013,Modeling travel time of car with varying demand on an urban midblock section,2018,99,105,1,2018-22-2,https://www.tandfonline.com/doi/full/10.1080/15472450.2017.1408013
15472450.2017.1412829,10.1080/15472450.2017.1412829,Urban travel time reliability at different traffic conditions,2018,106,120,5,2018-22-2,https://www.tandfonline.com/doi/full/10.1080/15472450.2017.1412829
15472450.2017.1413555,10.1080/15472450.2017.1413555,Reliability-based network flow estimation with day-to-day variation: A model validation on real large-scale urban networks,2018,121,143,1,2018-22-2,https://www.tandfonline.com/doi/full/10.1080/15472450.2017.1413555
15472450.2017.1407930,10.1080/15472450.2017.1407930,Hierarchical distributed coordination strategy of connected and automated vehicles at multiple intersections,2018,144,158,3,2018-22-2,https://www.tandfonline.com/doi/full/10.1080/15472450.2017.1407930
15472450.2017.1421462,10.1080/15472450.2017.1421462,Exploiting floating car data for time-dependent Origin??Destination matrices estimation,2018,159,174,2,2018-22-2,https://www.tandfonline.com/doi/full/10.1080/15472450.2017.1421462
15472450.2017.1336053,10.1080/15472450.2017.1336053,Connected and automated vehicle systems: Introduction and overview,2018,190,200,79,2018-22-3,https://www.tandfonline.com/doi/full/10.1080/15472450.2017.1336053
15472450.2017.1334558,10.1080/15472450.2017.1334558,Intelligent decision making for overtaking maneuver using mixed observable Markov decision process,2018,201,217,5,2018-22-3,https://www.tandfonline.com/doi/full/10.1080/15472450.2017.1334558
15472450.2017.1413368,10.1080/15472450.2017.1413368,Evaluation of the performance of vehicle-to-vehicle applications in an urban network,2018,218,228,4,2018-22-3,https://www.tandfonline.com/doi/full/10.1080/15472450.2017.1413368
15472450.2016.1215921,10.1080/15472450.2016.1215921,Connected vehicle-based red-light running prediction for adaptive signalized intersections,2018,229,243,15,2018-22-3,https://www.tandfonline.com/doi/full/10.1080/15472450.2016.1215921
15472450.2017.1404680,10.1080/15472450.2017.1404680,Traffic capacity implications of automated vehicles mixed with regular vehicles,2018,244,262,29,2018-22-3,https://www.tandfonline.com/doi/full/10.1080/15472450.2017.1404680
15472450.2018.1438275,10.1080/15472450.2018.1438275,Impact of cooperative adaptive cruise control on multilane freeway merge capacity,2018,263,275,7,2018-22-3,https://www.tandfonline.com/doi/full/10.1080/15472450.2018.1438275
15472450.2017.1299011,10.1080/15472450.2017.1299011,Real-time queue length estimation using event-based advance detector data,2018,277,290,9,2018-22-4,https://www.tandfonline.com/doi/full/10.1080/15472450.2017.1299011
15472450.2017.1309529,10.1080/15472450.2017.1309529,Modeling lane-change-related crashes with lane-specific real-time traffic and weather data,2018,291,300,11,2018-22-4,https://www.tandfonline.com/doi/full/10.1080/15472450.2017.1309529
15472450.2017.1313704,10.1080/15472450.2017.1313704,Development and evaluation of bus lanes with intermittent and dynamic priority in connected vehicle environment,2018,301,310,8,2018-22-4,https://www.tandfonline.com/doi/full/10.1080/15472450.2017.1313704
15472450.2017.1350921,10.1080/15472450.2017.1350921,Driver behavior formulation in intersection dilemma zones with phone use distraction via a logit-Bayesian network hybrid approach,2018,311,324,3,2018-22-4,https://www.tandfonline.com/doi/full/10.1080/15472450.2017.1350921
15472450.2017.1365606,10.1080/15472450.2017.1365606,A novel arterial travel time distribution estimation model and its application to energy/emissions estimation,2018,325,337,2,2018-22-4,https://www.tandfonline.com/doi/full/10.1080/15472450.2017.1365606
15472450.2017.1396898,10.1080/15472450.2017.1396898,A stochastic analysis of highway capacity: Empirical evidence and implications,2018,338,352,2,2018-22-4,https://www.tandfonline.com/doi/full/10.1080/15472450.2017.1396898
15472450.2018.1457444,10.1080/15472450.2018.1457444,A cluster analysis approach for differentiating transportation modes using Bluetooth sensor data,2018,353,364,1,2018-22-4,https://www.tandfonline.com/doi/full/10.1080/15472450.2018.1457444
15472450.2017.1334205,10.1080/15472450.2017.1334205,Revisiting the application of simultaneous perturbation stochastic approximation towards signal timing optimization,2018,365,375,1,2018-22-5,https://www.tandfonline.com/doi/full/10.1080/15472450.2017.1334205
15472450.2017.1366320,10.1080/15472450.2017.1366320,A low-cost video-based pavement distress screening system for low-volume roads,2018,376,389,10,2018-22-5,https://www.tandfonline.com/doi/full/10.1080/15472450.2017.1366320
15472450.2017.1378102,10.1080/15472450.2017.1378102,A hybrid model based method for bus travel time estimation,2018,390,406,5,2018-22-5,https://www.tandfonline.com/doi/full/10.1080/15472450.2017.1378102
15472450.2017.1384698,10.1080/15472450.2017.1384698,Travel mode identification using bluetooth technology,2018,407,421,7,2018-22-5,https://www.tandfonline.com/doi/full/10.1080/15472450.2017.1384698
15472450.2017.1394191,10.1080/15472450.2017.1394191,Signal coordination model for local arterial with heavy bus flows,2018,422,432,0,2018-22-5,https://www.tandfonline.com/doi/full/10.1080/15472450.2017.1394191
15472450.2017.1394192,10.1080/15472450.2017.1394192,Artificial intelligence for traffic signal control based solely on video images,2018,433,445,2,2018-22-5,https://www.tandfonline.com/doi/full/10.1080/15472450.2017.1394192
15472450.2017.1413981,10.1080/15472450.2017.1413981,"A study of realistic dynamic traffic assignment with signal control, time-scale, and emission",2018,446,461,2,2018-22-5,https://www.tandfonline.com/doi/full/10.1080/15472450.2017.1413981
15472450.2017.1421075,10.1080/15472450.2017.1421075,How accurate is your travel time reliability???Measuring accuracy using bootstrapping and lognormal mixture models,2018,463,477,4,2018-22-6,https://www.tandfonline.com/doi/full/10.1080/15472450.2017.1421075
15472450.2018.1436968,10.1080/15472450.2018.1436968,A fuzzy logic based transport mode detection framework in urban environment,2018,478,489,0,2018-22-6,https://www.tandfonline.com/doi/full/10.1080/15472450.2018.1436968
15472450.2018.1438274,10.1080/15472450.2018.1438274,Estimating traffic conditions from smart work zone systems,2018,490,502,1,2018-22-6,https://www.tandfonline.com/doi/full/10.1080/15472450.2018.1438274
15472450.2018.1439389,10.1080/15472450.2018.1439389,A multi-objective optimization approach to the location of road weather information system in New York State,2018,503,516,3,2018-22-6,https://www.tandfonline.com/doi/full/10.1080/15472450.2018.1439389
15472450.2018.1441027,10.1080/15472450.2018.1441027,Comparison of vehicle re-identification models for trucks based on axle spacing measurements,2018,517,529,1,2018-22-6,https://www.tandfonline.com/doi/full/10.1080/15472450.2018.1441027
15472450.2018.1444484,10.1080/15472450.2018.1444484,Using trajectory data to explore roadway characterization for bikeshare network,2018,530,546,2,2018-22-6,https://www.tandfonline.com/doi/full/10.1080/15472450.2018.1444484
15472450.2018.1444485,10.1080/15472450.2018.1444485,Investigation of stochastic variation of parameters for a macroscopic traffic model,2018,547,564,2,2018-22-6,https://www.tandfonline.com/doi/full/10.1080/15472450.2018.1444485
15472450.2018.1473156,10.1080/15472450.2018.1473156,Analyzing travel time reliability and its influential factors of emergency vehicles with generalized extreme value theory,2019,1,11,2,2019-23-1,https://www.tandfonline.com/doi/full/10.1080/15472450.2018.1473156
15472450.2018.1476146,10.1080/15472450.2018.1476146,Platoon recognition using connected vehicle technology,2019,12,27,2,2019-23-1,https://www.tandfonline.com/doi/full/10.1080/15472450.2018.1476146
15472450.2018.1484738,10.1080/15472450.2018.1484738,Modeling arterial travel time distribution by accounting for link correlations: a copula-based approach,2019,28,40,5,2019-23-1,https://www.tandfonline.com/doi/full/10.1080/15472450.2018.1484738
15472450.2018.1493929,10.1080/15472450.2018.1493929,A framework for short-term traffic flow forecasting using the combination of wavelet transformation and artificial neural networks,2019,60,71,5,2019-23-1,https://www.tandfonline.com/doi/full/10.1080/15472450.2018.1493929
15472450.2018.1506338,10.1080/15472450.2018.1506338,A similarity-based neuro-fuzzy modeling for driving behavior recognition applying fusion of smartphone sensors,2019,72,83,8,2019-23-1,https://www.tandfonline.com/doi/full/10.1080/15472450.2018.1506338
15472450.2018.1527693,10.1080/15472450.2018.1527693,A hybrid dead reckoning error correction scheme based on extended Kalman filter and map matching for vehicle self-localization,2019,84,98,2,2019-23-1,https://www.tandfonline.com/doi/full/10.1080/15472450.2018.1527693
15472450.2018.1502667,10.1080/15472450.2018.1502667,"Quantitative analysis of probe data characteristics: Coverage, speed bias and congestion detection precision",2019,103,119,5,2019-23-2,https://www.tandfonline.com/doi/full/10.1080/15472450.2018.1502667
15472450.2018.1486192,10.1080/15472450.2018.1486192,Bayesian network for red-light-running prediction at signalized intersections,2019,120,132,5,2019-23-2,https://www.tandfonline.com/doi/full/10.1080/15472450.2018.1486192
15472450.2018.1488133,10.1080/15472450.2018.1488133,Behavioral responses to pre-planned road capacity reduction based on smartphone GPS trajectory data: A functional data analysis approach,2019,133,143,6,2019-23-2,https://www.tandfonline.com/doi/full/10.1080/15472450.2018.1488133
15472450.2018.1525534,10.1080/15472450.2018.1525534,Vehicle sensor data-based analysis on the driving style differences between operating indoor simulator and on-road instrumented vehicle,2019,144,160,1,2019-23-2,https://www.tandfonline.com/doi/full/10.1080/15472450.2018.1525534
15472450.2018.1536978,10.1080/15472450.2018.1536978,Predicting duration of traffic accidents based on cost-sensitive Bayesian network and weighted K-nearest neighbor,2019,161,174,10,2019-23-2,https://www.tandfonline.com/doi/full/10.1080/15472450.2018.1536978
15472450.2018.1470932,10.1080/15472450.2018.1470932,Bus travel time modelling using GPS probe and smart card data: A probabilistic approach considering link travel time and station dwell time,2019,175,190,12,2019-23-2,https://www.tandfonline.com/doi/full/10.1080/15472450.2018.1470932
15472450.2018.1528447,10.1080/15472450.2018.1528447,"Characteristics of operating mode distributions of light duty vehicles by road type, average speed, and driver type for estimating on-road emissions: Case study of Beijing",2019,191,202,2,2019-23-2,https://www.tandfonline.com/doi/full/10.1080/15472450.2018.1528447
15472450.2018.1484739,10.1080/15472450.2018.1484739,"Carpooling problem: A new mathematical model, branch-and-bound, and heuristic beam search algorithm",2019,203,215,5,2019-23-3,https://www.tandfonline.com/doi/full/10.1080/15472450.2018.1484739
15472450.2018.1488131,10.1080/15472450.2018.1488131,Adjustments of public transit operations planning process for the use of electric buses,2019,216,230,7,2019-23-3,https://www.tandfonline.com/doi/full/10.1080/15472450.2018.1488131
15472450.2018.1488132,10.1080/15472450.2018.1488132,Optimal synchronization and coordination of actual passenger-rail timetables,2019,231,249,8,2019-23-3,https://www.tandfonline.com/doi/full/10.1080/15472450.2018.1488132
15472450.2018.1525533,10.1080/15472450.2018.1525533,Application of fuzzy theory for identifying the required availability of an autonomous localization unit in European Train Control System,2019,265,281,0,2019-23-3,https://www.tandfonline.com/doi/full/10.1080/15472450.2018.1525533
15472450.2018.1542303,10.1080/15472450.2018.1542303,A route guidance system considering travel time unreliability,2019,282,299,1,2019-23-3,https://www.tandfonline.com/doi/full/10.1080/15472450.2018.1542303
15472450.2018.1563865,10.1080/15472450.2018.1563865,Direct generation of level of service maps from images using convolutional and long short-term memory networks,2019,300,308,9,2019-23-3,https://www.tandfonline.com/doi/full/10.1080/15472450.2018.1563865
15472450.2018.1462176,10.1080/15472450.2018.1462176,A cellular automata traffic flow model combined with a BP neural network based microscopic lane changing decision model,2019,309,318,14,2019-23-4,https://www.tandfonline.com/doi/full/10.1080/15472450.2018.1462176
15472450.2018.1494596,10.1080/15472450.2018.1494596,Modeling bus bunching using massive location and fare collection data,2019,332,344,4,2019-23-4,https://www.tandfonline.com/doi/full/10.1080/15472450.2018.1494596
15472450.2018.1496428,10.1080/15472450.2018.1496428,Intersection traffic energy management system (ITEMS): formulation and validation,2019,345,356,0,2019-23-4,https://www.tandfonline.com/doi/full/10.1080/15472450.2018.1496428
15472450.2018.1501273,10.1080/15472450.2018.1501273,Optimizing multi-agent based urban traffic signal control system,2019,357,369,8,2019-23-4,https://www.tandfonline.com/doi/full/10.1080/15472450.2018.1501273
15472450.2018.1504294,10.1080/15472450.2018.1504294,Multi-objective optimal predictive control of signals in urban traffic network,2019,370,388,9,2019-23-4,https://www.tandfonline.com/doi/full/10.1080/15472450.2018.1504294
15472450.2018.1506339,10.1080/15472450.2018.1506339,Vehicle identification sensors location problem for large networks,2019,389,402,1,2019-23-4,https://www.tandfonline.com/doi/full/10.1080/15472450.2018.1506339
15472450.2018.1518137,10.1080/15472450.2018.1518137,Identification and interpretation of spatial??temporal mismatch between taxi demand and supply using global positioning system data,2019,403,415,4,2019-23-4,https://www.tandfonline.com/doi/full/10.1080/15472450.2018.1518137
15472450.2018.1473157,10.1080/15472450.2018.1473157,Gamification in mobile applications: The case of airports,2019,417,426,1,2019-23-5,https://www.tandfonline.com/doi/full/10.1080/15472450.2018.1473157
15472450.2018.1536859,10.1080/15472450.2018.1536859,A practical decentralized access protocol for autonomous vehicles at isolated under-saturated intersections,2019,427,440,1,2019-23-5,https://www.tandfonline.com/doi/full/10.1080/15472450.2018.1536859
15472450.2018.1557524,10.1080/15472450.2018.1557524,An identification model of critical control sub-regions based on macroscopic fundamental diagram theory,2019,441,451,1,2019-23-5,https://www.tandfonline.com/doi/full/10.1080/15472450.2018.1557524
15472450.2018.1560280,10.1080/15472450.2018.1560280,Kinematics-enabled lossless compression of freeway and arterial vehicle trajectories,2019,452,476,0,2019-23-5,https://www.tandfonline.com/doi/full/10.1080/15472450.2018.1560280
15472450.2018.1562348,10.1080/15472450.2018.1562348,Optimization based controlled evacuation,2019,477,498,2,2019-23-5,https://www.tandfonline.com/doi/full/10.1080/15472450.2018.1562348
15472450.2018.1563864,10.1080/15472450.2018.1563864,Empirical evaluation of real-time traffic information for in-vehicle navigation and the variable speed limit system,2019,499,512,2,2019-23-5,https://www.tandfonline.com/doi/full/10.1080/15472450.2018.1563864
15472450.2019.1578565,10.1080/15472450.2019.1578565,Double-layer speed optimization for reducing fuel consumption with vehicle-to-infrastructure communication,2019,513,524,3,2019-23-5,https://www.tandfonline.com/doi/full/10.1080/15472450.2019.1578565
15472450.2018.1476147,10.1080/15472450.2018.1476147,Freeway traffic state estimation: A Lagrangian-space Kalman filter approach,2019,525,540,0,2019-23-6,https://www.tandfonline.com/doi/full/10.1080/15472450.2018.1476147
15472450.2018.1488218,10.1080/15472450.2018.1488218,Search for parking: A dynamic parking and route guidance system for efficient parking and traffic management,2019,541,556,8,2019-23-6,https://www.tandfonline.com/doi/full/10.1080/15472450.2018.1488218
15472450.2018.1562349,10.1080/15472450.2018.1562349,Incrementally constrained dynamic optimization: A computational framework for lane change motion planning of connected and automated vehicles,2019,557,568,3,2019-23-6,https://www.tandfonline.com/doi/full/10.1080/15472450.2018.1562349
15472450.2019.1573366,10.1080/15472450.2019.1573366,Real-time short turning strategy based on passenger choice behavior,2019,569,582,1,2019-23-6,https://www.tandfonline.com/doi/full/10.1080/15472450.2019.1573366
15472450.2019.1586543,10.1080/15472450.2019.1586543,A scenario-based map-matching algorithm for complex urban road network,2019,617,631,1,2019-23-6,https://www.tandfonline.com/doi/full/10.1080/15472450.2019.1586543
15472450.2018.1527694,10.1080/15472450.2018.1527694,Network-wide traffic signal control based on the discovery of critical nodes and deep reinforcement learning,2020,1,10,5,2020-24-1,https://www.tandfonline.com/doi/full/10.1080/15472450.2018.1527694
15472450.2019.1699076,10.1080/15472450.2019.1699076,Informed decision-making by integrating historical on-road driving performance data in high-resolution maps for connected and automated vehicles,2020,11,23,3,2020-24-1,https://www.tandfonline.com/doi/full/10.1080/15472450.2019.1699076
15472450.2019.1615487,10.1080/15472450.2019.1615487,Development of a global positioning system data-based trip-purpose inference method for hazardous materials transportation management,2020,24,39,4,2020-24-1,https://www.tandfonline.com/doi/full/10.1080/15472450.2019.1615487
15472450.2019.1677160,10.1080/15472450.2019.1677160,An optimization approach for deployment of intelligent transportation systems wrong-way driving countermeasures,2020,40,53,0,2020-24-1,https://www.tandfonline.com/doi/full/10.1080/15472450.2019.1677160
15472450.2019.1579091,10.1080/15472450.2019.1579091,"Expressway bottleneck pattern identification using traffic big data??The case of ring roads in Beijing, China",2020,54,67,1,2020-24-1,https://www.tandfonline.com/doi/full/10.1080/15472450.2019.1579091
15472450.2019.1579092,10.1080/15472450.2019.1579092,Real-time multistep prediction of public parking spaces based on Fourier transform??least squares support vector regression,2020,68,80,2,2020-24-1,https://www.tandfonline.com/doi/full/10.1080/15472450.2019.1579092
15472450.2019.1579093,10.1080/15472450.2019.1579093,A joint control model for connected vehicle platoon and arterial signal coordination,2020,81,92,3,2020-24-1,https://www.tandfonline.com/doi/full/10.1080/15472450.2019.1579093
15472450.2018.1542305,10.1080/15472450.2018.1542305,Velocity measurement-based friction estimation for railway vehicles running on adhesion limit: swarm intelligence-based multiple models approach,2020,93,107,3,2020-24-1,https://www.tandfonline.com/doi/full/10.1080/15472450.2018.1542305
15472450.2018.1542304,10.1080/15472450.2018.1542304,Long-term travel time prediction using gradient boosting,2020,109,124,3,2020-24-2,https://www.tandfonline.com/doi/full/10.1080/15472450.2018.1542304
15472450.2019.1582950,10.1080/15472450.2019.1582950,Multi-step-ahead traffic speed forecasting using multi-output gradient boosting regression tree,2020,125,141,5,2020-24-2,https://www.tandfonline.com/doi/full/10.1080/15472450.2019.1582950
15472450.2019.1598863,10.1080/15472450.2019.1598863,A vehicle routing model based on large-scale radio frequency identification data,2020,142,155,1,2020-24-2,https://www.tandfonline.com/doi/full/10.1080/15472450.2019.1598863
15472450.2019.1614445,10.1080/15472450.2019.1614445,Operational performance evaluation of adaptive traffic control systems: A Bayesian modeling approach using real-world GPS and private sector PROBE data,2020,156,170,4,2020-24-2,https://www.tandfonline.com/doi/full/10.1080/15472450.2019.1614445
15472450.2019.1625042,10.1080/15472450.2019.1625042,A new and efficient authentication scheme for vehicular ad hoc networks,2020,171,183,2,2020-24-2,https://www.tandfonline.com/doi/full/10.1080/15472450.2019.1625042
15472450.2019.1643723,10.1080/15472450.2019.1643723,A dynamic optimization method for adaptive signal control in a connected vehicle environment,2020,184,200,11,2020-24-2,https://www.tandfonline.com/doi/full/10.1080/15472450.2019.1643723
15472450.2019.1659793,10.1080/15472450.2019.1659793,Fusion of weigh-in-motion and global positioning system data to estimate truck weight distributions at traffic count sites,2020,201,215,1,2020-24-2,https://www.tandfonline.com/doi/full/10.1080/15472450.2019.1659793
15472450.2019.1612247,10.1080/15472450.2019.1612247,Storage and access optimization scheme based on correlation probabilities in the internet of vehicles,2020,221,236,1,2020-24-3,https://www.tandfonline.com/doi/full/10.1080/15472450.2019.1612247
15472450.2019.1652826,10.1080/15472450.2019.1652826,An efficient multiple access control protocol for directional dense urban traffic surveillance system,2020,237,253,0,2020-24-3,https://www.tandfonline.com/doi/full/10.1080/15472450.2019.1652826
15472450.2019.1643725,10.1080/15472450.2019.1643725,Infrared and visible images fusion by using sparse representation and guided filter,2020,254,263,1,2020-24-3,https://www.tandfonline.com/doi/full/10.1080/15472450.2019.1643725
15472450.2020.1721289,10.1080/15472450.2020.1721289,The extent of reliability for vehicle-to-vehicle communication in safety critical applications: an experimental study,2020,264,278,2,2020-24-3,https://www.tandfonline.com/doi/full/10.1080/15472450.2020.1721289
15472450.2020.1742121,10.1080/15472450.2020.1742121,Convolutional neural network for recognizing highway traffic congestion,2020,279,289,2,2020-24-3,https://www.tandfonline.com/doi/full/10.1080/15472450.2020.1742121
15472450.2019.1642753,10.1080/15472450.2019.1642753,A Novel Infrared Image Enhancement Based on Correlation Measurement of Visible Image for Urban Traffic Surveillance Systems,2020,290,303,1,2020-24-3,https://www.tandfonline.com/doi/full/10.1080/15472450.2019.1642753
15472450.2019.1670659,10.1080/15472450.2019.1670659,A deep learning approach for quality enhancement of surveillance video,2020,304,314,3,2020-24-3,https://www.tandfonline.com/doi/full/10.1080/15472450.2019.1670659
15472450.2019.1638782,10.1080/15472450.2019.1638782,Comparison of two intelligent transportation systems Wrong-Way driving countermeasures currently deployed on Florida toll roads,2020,315,330,1,2020-24-4,https://www.tandfonline.com/doi/full/10.1080/15472450.2019.1638782
15472450.2019.1638780,10.1080/15472450.2019.1638780,Robust dynamic traffic assignment for single destination networks under demand and capacity uncertainty,2020,331,351,0,2020-24-4,https://www.tandfonline.com/doi/full/10.1080/15472450.2019.1638780
15472450.2020.1735385,10.1080/15472450.2020.1735385,Pore acceptance predictions of motorised Two-Wheelers during filtering at urban Mid-Block sections,2020,352,364,2,2020-24-4,https://www.tandfonline.com/doi/full/10.1080/15472450.2020.1735385
